/* popola.sql */

/* setto che, in questa sessione, per ogni insert in cui compare un tipo DATE la data avra' il classico formato italiano: giorno/mese/anno */
SET datestyle = DMY;

/* inserisco dati degli impianti */

INSERT INTO Impianto (Nome, DataApertura, DataChiusura, Comune, Indirizzo) VALUES

('Free Time', '1/1/2015', '31/12/2015', 'San Bonifacio', 'Via Camporosolo, 190'),
('Terme di Giunone', '1/6/2015', '30/9/2015', 'Caldiero', 'Via delle Terme, 1'),
('Le Grazie', '1/1/2015', '31/12/2015', 'Verona', 'Strada Le Grazie'),
('Sporting Club', '1/1/2015', '31/12/2015', 'Verona', 'Via Corsini, 5'),
('In Sport', '1/1/2015', '31/12/2015', 'Verona', 'Via Tanaro, 28'),
('Monte Bianco', '1/1/2015', '31/12/2015', 'Verona', 'Via Monte Bianco, 16'),
('Santini', '1/6/2015', '30/9/2015', 'Verona', 'Via Santini, 15'),
('Belvedere', '1/1/2015', '31/12/2015', 'Verona', 'Via Montelungo, 5'),
('Leosport', '1/1/2015', '31/12/2015', 'Villafranca', 'Viale Olimpia'),
('Gio Club', '1/1/2015', '31/12/2015', 'San Giovanni Lupatoto', 'Viale Olimpia, 10');

/* inserisco dati delle piscine */

INSERT INTO Piscina (DataApertura, DataChiusura, OraApertura, OraChiusura, Tipo, NomeImpianto) VALUES

('1/1/2015', '31/12/2015', '10:00', '22:00', 'v', 'Free Time'),
('1/1/2015', '31/12/2015', '10:00', '18:00', 'b', 'Free Time'),
('1/6/2015', '30/09/2015', '10:00', '18:00', 'c', 'Terme di Giunone'),
('1/6/2015', '30/09/2015', '10:00', '18:00', 'b', 'Terme di Giunone'),
('1/1/2015', '31/12/2015', '10:00', '18:00', 'v', 'Le Grazie'),
('1/6/2015', '30/09/2015', '10:00', '18:00', 'c', 'Le Grazie'),
('1/1/2015', '31/12/2015', '09:00', '20:00', 'c', 'Sporting Club'),
('1/1/2015', '31/12/2015', '10:00', '18:00', 't', 'Sporting Club'),
('1/1/2015', '31/12/2015', '09:00', '20:00', 'v', 'Sporting Club'),
('1/6/2015', '30/09/2015', '10:00', '18:00', 'b', 'Sporting Club'),
('1/1/2015', '31/12/2015', '09:00', '20:00', 'v', 'In Sport'),
('1/1/2015', '31/12/2015', '09:00', '20:00', 'c', 'In Sport'),
('1/6/2015', '30/09/2015', '10:00', '18:00', 't', 'In Sport'),
('1/6/2015', '30/09/2015', '10:00', '18:00', 'c', 'Monte Bianco'),
('1/1/2015', '31/12/2015', '09:00', '20:00', 'v', 'Monte Bianco'),
('1/6/2015', '30/09/2015', '10:00', '18:00', 'b', 'Santini'),
('1/6/2015', '30/09/2015', '10:00', '18:00', 'c', 'Santini'),
('1/1/2015', '31/12/2015', '09:00', '20:00', 'v', 'Belvedere'),
('1/6/2015', '30/09/2015', '12:00', '18:00', 't', 'Belvedere'),
('1/1/2015', '31/12/2015', '09:00', '20:00', 'v', 'Leosport'),
('1/6/2015', '30/09/2015', '10:00', '18:00', 'c', 'Leosport'),
('1/1/2015', '31/12/2015', '09:00', '20:00', 'v', 'Gio Club'),
('1/1/2015', '31/12/2015', '09:00', '20:00', 'b', 'Gio Club');

/* inserisco dati dei giorni */

INSERT INTO Giorno (Data, NomeImpianto, OraApertura, OraChiusura, NumeroIngressi) VALUES

('01/07/2015', 'Free Time', '9:30', '22:30', '125'),
('02/07/2015', 'Free Time', '9:30', '22:30', '465'),
('03/07/2015', 'Free Time', '9:30', '22:30', '378'),
('04/07/2015', 'Free Time', '9:30', '22:30', '267'),
('05/07/2015', 'Free Time', '9:30', '22:30', '846'),
('06/07/2015', 'Free Time', '9:30', '22:30', '465'),
('07/07/2015', 'Free Time', '9:30', '22:30', '135'),
('08/07/2015', 'Free Time', '9:30', '22:30', '647'),
('09/07/2015', 'Free Time', '9:30', '22:30', '378'),
('10/07/2015', 'Free Time', '9:30', '22:30', '472'),
('11/07/2015', 'Free Time', '9:30', '22:30', '258'),
('12/07/2015', 'Free Time', '9:30', '22:30', '743'),
('13/07/2015', 'Free Time', '9:30', '22:30', '379'),
('14/07/2015', 'Free Time', '9:30', '22:30', '268'),
('15/07/2015', 'Free Time', '9:30', '22:30', '521'),
('16/07/2015', 'Free Time', '9:30', '22:30', '746'),
('17/07/2015', 'Free Time', '9:30', '22:30', '264'),
('18/07/2015', 'Free Time', '9:30', '22:30', '356'),
('19/07/2015', 'Free Time', '9:30', '22:30', '276'),
('20/07/2015', 'Free Time', '9:30', '22:30', '832'),
('21/07/2015', 'Free Time', '9:30', '22:30', '145'),
('22/07/2015', 'Free Time', '9:30', '22:30', '643'),
('23/07/2015', 'Free Time', '9:30', '22:30', '287'),
('24/07/2015', 'Free Time', '9:30', '22:30', '356'),
('25/07/2015', 'Free Time', '9:30', '22:30', '436'),
('26/07/2015', 'Free Time', '9:30', '22:30', '642'),
('27/07/2015', 'Free Time', '9:30', '22:30', '482'),
('28/07/2015', 'Free Time', '9:30', '22:30', '147'),
('29/07/2015', 'Free Time', '9:30', '22:30', '165'),
('30/07/2015', 'Free Time', '9:30', '22:30', '376'),
('31/07/2015', 'Free Time', '9:30', '22:30', '265'),
('01/08/2015', 'Free Time', '9:30', '22:30', '353'),
('02/08/2015', 'Free Time', '9:30', '22:30', '743'),
('03/08/2015', 'Free Time', '9:30', '22:30', '354'),
('04/08/2015', 'Free Time', '9:30', '22:30', '486'),
('05/08/2015', 'Free Time', '9:30', '22:30', '342'),
('06/08/2015', 'Free Time', '9:30', '22:30', '853'),
('07/08/2015', 'Free Time', '9:30', '22:30', '465'),
('08/08/2015', 'Free Time', '9:30', '22:30', '632'),
('09/08/2015', 'Free Time', '9:30', '22:30', '835'),
('10/08/2015', 'Free Time', '9:30', '22:30', '648'),
('11/08/2015', 'Free Time', '9:30', '22:30', '612'),
('12/08/2015', 'Free Time', '9:30', '22:30', '542'),
('13/08/2015', 'Free Time', '9:30', '22:30', '368'),
('14/08/2015', 'Free Time', '9:30', '22:30', '980'),
('15/08/2015', 'Free Time', '9:30', '22:30', '1250'),
('16/08/2015', 'Free Time', '9:30', '22:30', '865'),
('17/08/2015', 'Free Time', '9:30', '22:30', '746'),
('18/08/2015', 'Free Time', '9:30', '22:30', '896'),
('19/08/2015', 'Free Time', '9:30', '22:30', '680'),
('20/08/2015', 'Free Time', '9:30', '22:30', '964'),
('21/08/2015', 'Free Time', '9:30', '22:30', '578'),
('22/08/2015', 'Free Time', '9:30', '22:30', '696'),
('23/08/2015', 'Free Time', '9:30', '22:30', '356'),
('24/08/2015', 'Free Time', '9:30', '22:30', '567'),
('25/08/2015', 'Free Time', '9:30', '22:30', '543'),
('26/08/2015', 'Free Time', '9:30', '22:30', '678'),
('27/08/2015', 'Free Time', '9:30', '22:30', '365'),
('28/08/2015', 'Free Time', '9:30', '22:30', '532'),
('29/08/2015', 'Free Time', '9:30', '22:30', '386'),
('30/08/2015', 'Free Time', '9:30', '22:30', '731'),
('31/08/2015', 'Free Time', '9:30', '22:30', '355'),

('01/07/2015', 'Terme di Giunone', '9:00', '20:00', '125'),
('02/07/2015', 'Terme di Giunone', '9:00', '20:00', '465'),
('03/07/2015', 'Terme di Giunone', '9:00', '20:00', '378'),
('04/07/2015', 'Terme di Giunone', '9:00', '20:00', '267'),
('05/07/2015', 'Terme di Giunone', '9:00', '20:00', '846'),
('06/07/2015', 'Terme di Giunone', '9:00', '20:00', '465'),
('07/07/2015', 'Terme di Giunone', '9:00', '20:00', '135'),
('08/07/2015', 'Terme di Giunone', '9:00', '20:00', '647'),
('09/07/2015', 'Terme di Giunone', '9:00', '20:00', '378'),
('10/07/2015', 'Terme di Giunone', '9:00', '20:00', '472'),
('11/07/2015', 'Terme di Giunone', '9:00', '20:00', '258'),
('12/07/2015', 'Terme di Giunone', '9:00', '20:00', '743'),
('13/07/2015', 'Terme di Giunone', '9:00', '20:00', '379'),
('14/07/2015', 'Terme di Giunone', '9:00', '20:00', '268'),
('15/07/2015', 'Terme di Giunone', '9:00', '20:00', '521'),
('16/07/2015', 'Terme di Giunone', '9:00', '20:00', '746'),
('17/07/2015', 'Terme di Giunone', '9:00', '20:00', '264'),
('18/07/2015', 'Terme di Giunone', '9:00', '20:00', '356'),
('19/07/2015', 'Terme di Giunone', '9:00', '20:00', '276'),
('20/07/2015', 'Terme di Giunone', '9:00', '20:00', '832'),
('21/07/2015', 'Terme di Giunone', '9:00', '20:00', '145'),
('22/07/2015', 'Terme di Giunone', '9:00', '20:00', '643'),
('23/07/2015', 'Terme di Giunone', '9:00', '20:00', '287'),
('24/07/2015', 'Terme di Giunone', '9:00', '20:00', '356'),
('25/07/2015', 'Terme di Giunone', '9:00', '20:00', '436'),
('26/07/2015', 'Terme di Giunone', '9:00', '20:00', '642'),
('27/07/2015', 'Terme di Giunone', '9:00', '20:00', '482'),
('28/07/2015', 'Terme di Giunone', '9:00', '20:00', '147'),
('29/07/2015', 'Terme di Giunone', '9:00', '20:00', '165'),
('30/07/2015', 'Terme di Giunone', '9:00', '20:00', '376'),
('31/07/2015', 'Terme di Giunone', '9:00', '20:00', '265'),
('01/08/2015', 'Terme di Giunone', '9:00', '20:00', '353'),
('02/08/2015', 'Terme di Giunone', '9:00', '20:00', '743'),
('03/08/2015', 'Terme di Giunone', '9:00', '20:00', '354'),
('04/08/2015', 'Terme di Giunone', '9:00', '20:00', '486'),
('05/08/2015', 'Terme di Giunone', '9:00', '20:00', '342'),
('06/08/2015', 'Terme di Giunone', '9:00', '20:00', '853'),
('07/08/2015', 'Terme di Giunone', '9:00', '20:00', '465'),
('08/08/2015', 'Terme di Giunone', '9:00', '20:00', '632'),
('09/08/2015', 'Terme di Giunone', '9:00', '20:00', '835'),
('10/08/2015', 'Terme di Giunone', '9:00', '20:00', '648'),
('11/08/2015', 'Terme di Giunone', '9:00', '20:00', '612'),
('12/08/2015', 'Terme di Giunone', '9:00', '20:00', '542'),
('13/08/2015', 'Terme di Giunone', '9:00', '20:00', '368'),
('14/08/2015', 'Terme di Giunone', '9:00', '20:00', '980'),
('15/08/2015', 'Terme di Giunone', '9:00', '20:00', '1250'),
('16/08/2015', 'Terme di Giunone', '9:00', '20:00', '865'),
('17/08/2015', 'Terme di Giunone', '9:00', '20:00', '746'),
('18/08/2015', 'Terme di Giunone', '9:00', '20:00', '896'),
('19/08/2015', 'Terme di Giunone', '9:00', '20:00', '680'),
('20/08/2015', 'Terme di Giunone', '9:00', '20:00', '964'),
('21/08/2015', 'Terme di Giunone', '9:00', '20:00', '578'),
('22/08/2015', 'Terme di Giunone', '9:00', '20:00', '696'),
('23/08/2015', 'Terme di Giunone', '9:00', '20:00', '356'),
('24/08/2015', 'Terme di Giunone', '9:00', '20:00', '567'),
('25/08/2015', 'Terme di Giunone', '9:00', '20:00', '543'),
('26/08/2015', 'Terme di Giunone', '9:00', '20:00', '678'),
('27/08/2015', 'Terme di Giunone', '9:00', '20:00', '365'),
('28/08/2015', 'Terme di Giunone', '9:00', '20:00', '532'),
('29/08/2015', 'Terme di Giunone', '9:00', '20:00', '386'),
('30/08/2015', 'Terme di Giunone', '9:00', '20:00', '731'),
('31/08/2015', 'Terme di Giunone', '9:00', '20:00', '355'),

('01/07/2015', 'Le Grazie', '10:00', '18:00', '125'),
('02/07/2015', 'Le Grazie', '10:00', '18:00', '465'),
('03/07/2015', 'Le Grazie', '10:00', '18:00', '378'),
('04/07/2015', 'Le Grazie', '10:00', '18:00', '267'),
('05/07/2015', 'Le Grazie', '10:00', '18:00', '846'),
('06/07/2015', 'Le Grazie', '10:00', '18:00', '465'),
('07/07/2015', 'Le Grazie', '10:00', '18:00', '135'),
('08/07/2015', 'Le Grazie', '10:00', '18:00', '647'),
('09/07/2015', 'Le Grazie', '10:00', '18:00', '378'),
('10/07/2015', 'Le Grazie', '10:00', '18:00', '472'),
('11/07/2015', 'Le Grazie', '10:00', '18:00', '258'),
('12/07/2015', 'Le Grazie', '10:00', '18:00', '743'),
('13/07/2015', 'Le Grazie', '10:00', '18:00', '379'),
('14/07/2015', 'Le Grazie', '10:00', '18:00', '268'),
('15/07/2015', 'Le Grazie', '10:00', '18:00', '521'),
('16/07/2015', 'Le Grazie', '10:00', '18:00', '746'),
('17/07/2015', 'Le Grazie', '10:00', '18:00', '264'),
('18/07/2015', 'Le Grazie', '10:00', '18:00', '356'),
('19/07/2015', 'Le Grazie', '10:00', '18:00', '276'),
('20/07/2015', 'Le Grazie', '10:00', '18:00', '832'),
('21/07/2015', 'Le Grazie', '10:00', '18:00', '145'),
('22/07/2015', 'Le Grazie', '10:00', '18:00', '643'),
('23/07/2015', 'Le Grazie', '10:00', '18:00', '287'),
('24/07/2015', 'Le Grazie', '10:00', '18:00', '356'),
('25/07/2015', 'Le Grazie', '10:00', '18:00', '436'),
('26/07/2015', 'Le Grazie', '10:00', '18:00', '642'),
('27/07/2015', 'Le Grazie', '10:00', '18:00', '482'),
('28/07/2015', 'Le Grazie', '10:00', '18:00', '147'),
('29/07/2015', 'Le Grazie', '10:00', '18:00', '165'),
('30/07/2015', 'Le Grazie', '10:00', '18:00', '376'),
('31/07/2015', 'Le Grazie', '10:00', '18:00', '265'),
('01/08/2015', 'Le Grazie', '10:00', '18:00', '353'),
('02/08/2015', 'Le Grazie', '10:00', '18:00', '743'),
('03/08/2015', 'Le Grazie', '10:00', '18:00', '354'),
('04/08/2015', 'Le Grazie', '10:00', '18:00', '486'),
('05/08/2015', 'Le Grazie', '10:00', '18:00', '342'),
('06/08/2015', 'Le Grazie', '10:00', '18:00', '853'),
('07/08/2015', 'Le Grazie', '10:00', '18:00', '465'),
('08/08/2015', 'Le Grazie', '10:00', '18:00', '632'),
('09/08/2015', 'Le Grazie', '10:00', '18:00', '835'),
('10/08/2015', 'Le Grazie', '10:00', '18:00', '648'),
('11/08/2015', 'Le Grazie', '10:00', '18:00', '612'),
('12/08/2015', 'Le Grazie', '10:00', '18:00', '542'),
('13/08/2015', 'Le Grazie', '10:00', '18:00', '368'),
('14/08/2015', 'Le Grazie', '10:00', '18:00', '980'),
('15/08/2015', 'Le Grazie', '10:00', '18:00', '1250'),
('16/08/2015', 'Le Grazie', '10:00', '18:00', '865'),
('17/08/2015', 'Le Grazie', '10:00', '18:00', '746'),
('18/08/2015', 'Le Grazie', '10:00', '18:00', '896'),
('19/08/2015', 'Le Grazie', '10:00', '18:00', '680'),
('20/08/2015', 'Le Grazie', '10:00', '18:00', '964'),
('21/08/2015', 'Le Grazie', '10:00', '18:00', '578'),
('22/08/2015', 'Le Grazie', '10:00', '18:00', '696'),
('23/08/2015', 'Le Grazie', '10:00', '18:00', '356'),
('24/08/2015', 'Le Grazie', '10:00', '18:00', '567'),
('25/08/2015', 'Le Grazie', '10:00', '18:00', '543'),
('26/08/2015', 'Le Grazie', '10:00', '18:00', '678'),
('27/08/2015', 'Le Grazie', '10:00', '18:00', '365'),
('28/08/2015', 'Le Grazie', '10:00', '18:00', '532'),
('29/08/2015', 'Le Grazie', '10:00', '18:00', '386'),
('30/08/2015', 'Le Grazie', '10:00', '18:00', '731'),
('31/08/2015', 'Le Grazie', '10:00', '18:00', '355'),

('01/07/2015', 'Sporting Club', '8:00', '21:00', '125'),
('02/07/2015', 'Sporting Club', '8:00', '21:00', '465'),
('03/07/2015', 'Sporting Club', '8:00', '21:00', '378'),
('04/07/2015', 'Sporting Club', '8:00', '21:00', '267'),
('05/07/2015', 'Sporting Club', '8:00', '21:00', '846'),
('06/07/2015', 'Sporting Club', '8:00', '21:00', '465'),
('07/07/2015', 'Sporting Club', '8:00', '21:00', '135'),
('08/07/2015', 'Sporting Club', '8:00', '21:00', '647'),
('09/07/2015', 'Sporting Club', '8:00', '21:00', '378'),
('10/07/2015', 'Sporting Club', '8:00', '21:00', '472'),
('11/07/2015', 'Sporting Club', '8:00', '21:00', '258'),
('12/07/2015', 'Sporting Club', '8:00', '21:00', '743'),
('13/07/2015', 'Sporting Club', '8:00', '21:00', '379'),
('14/07/2015', 'Sporting Club', '8:00', '21:00', '268'),
('15/07/2015', 'Sporting Club', '8:00', '21:00', '521'),
('16/07/2015', 'Sporting Club', '8:00', '21:00', '746'),
('17/07/2015', 'Sporting Club', '8:00', '21:00', '264'),
('18/07/2015', 'Sporting Club', '8:00', '21:00', '356'),
('19/07/2015', 'Sporting Club', '8:00', '21:00', '276'),
('20/07/2015', 'Sporting Club', '8:00', '21:00', '832'),
('21/07/2015', 'Sporting Club', '8:00', '21:00', '145'),
('22/07/2015', 'Sporting Club', '8:00', '21:00', '643'),
('23/07/2015', 'Sporting Club', '8:00', '21:00', '287'),
('24/07/2015', 'Sporting Club', '8:00', '21:00', '356'),
('25/07/2015', 'Sporting Club', '8:00', '21:00', '436'),
('26/07/2015', 'Sporting Club', '8:00', '21:00', '642'),
('27/07/2015', 'Sporting Club', '8:00', '21:00', '482'),
('28/07/2015', 'Sporting Club', '8:00', '21:00', '147'),
('29/07/2015', 'Sporting Club', '8:00', '21:00', '165'),
('30/07/2015', 'Sporting Club', '8:00', '21:00', '376'),
('31/07/2015', 'Sporting Club', '8:00', '21:00', '265'),
('01/08/2015', 'Sporting Club', '8:00', '21:00', '353'),
('02/08/2015', 'Sporting Club', '8:00', '21:00', '743'),
('03/08/2015', 'Sporting Club', '8:00', '21:00', '354'),
('04/08/2015', 'Sporting Club', '8:00', '21:00', '486'),
('05/08/2015', 'Sporting Club', '8:00', '21:00', '342'),
('06/08/2015', 'Sporting Club', '8:00', '21:00', '853'),
('07/08/2015', 'Sporting Club', '8:00', '21:00', '465'),
('08/08/2015', 'Sporting Club', '8:00', '21:00', '632'),
('09/08/2015', 'Sporting Club', '8:00', '21:00', '835'),
('10/08/2015', 'Sporting Club', '8:00', '21:00', '648'),
('11/08/2015', 'Sporting Club', '8:00', '21:00', '612'),
('12/08/2015', 'Sporting Club', '8:00', '21:00', '542'),
('13/08/2015', 'Sporting Club', '8:00', '21:00', '368'),
('14/08/2015', 'Sporting Club', '8:00', '21:00', '980'),
('15/08/2015', 'Sporting Club', '8:00', '21:00', '1250'),
('16/08/2015', 'Sporting Club', '8:00', '21:00', '865'),
('17/08/2015', 'Sporting Club', '8:00', '21:00', '746'),
('18/08/2015', 'Sporting Club', '8:00', '21:00', '896'),
('19/08/2015', 'Sporting Club', '8:00', '21:00', '680'),
('20/08/2015', 'Sporting Club', '8:00', '21:00', '964'),
('21/08/2015', 'Sporting Club', '8:00', '21:00', '578'),
('22/08/2015', 'Sporting Club', '8:00', '21:00', '696'),
('23/08/2015', 'Sporting Club', '8:00', '21:00', '356'),
('24/08/2015', 'Sporting Club', '8:00', '21:00', '567'),
('25/08/2015', 'Sporting Club', '8:00', '21:00', '543'),
('26/08/2015', 'Sporting Club', '8:00', '21:00', '678'),
('27/08/2015', 'Sporting Club', '8:00', '21:00', '365'),
('28/08/2015', 'Sporting Club', '8:00', '21:00', '532'),
('29/08/2015', 'Sporting Club', '8:00', '21:00', '386'),
('30/08/2015', 'Sporting Club', '8:00', '21:00', '731'),
('31/08/2015', 'Sporting Club', '8:00', '21:00', '355'),

('01/07/2015', 'In Sport', '8:00', '21:00', '125'),
('02/07/2015', 'In Sport', '8:00', '21:00', '465'),
('03/07/2015', 'In Sport', '8:00', '21:00', '378'),
('04/07/2015', 'In Sport', '8:00', '21:00', '267'),
('05/07/2015', 'In Sport', '8:00', '21:00', '846'),
('06/07/2015', 'In Sport', '8:00', '21:00', '465'),
('07/07/2015', 'In Sport', '8:00', '21:00', '135'),
('08/07/2015', 'In Sport', '8:00', '21:00', '647'),
('09/07/2015', 'In Sport', '8:00', '21:00', '378'),
('10/07/2015', 'In Sport', '8:00', '21:00', '472'),
('11/07/2015', 'In Sport', '8:00', '21:00', '258'),
('12/07/2015', 'In Sport', '8:00', '21:00', '743'),
('13/07/2015', 'In Sport', '8:00', '21:00', '379'),
('14/07/2015', 'In Sport', '8:00', '21:00', '268'),
('15/07/2015', 'In Sport', '8:00', '21:00', '521'),
('16/07/2015', 'In Sport', '8:00', '21:00', '746'),
('17/07/2015', 'In Sport', '8:00', '21:00', '264'),
('18/07/2015', 'In Sport', '8:00', '21:00', '356'),
('19/07/2015', 'In Sport', '8:00', '21:00', '276'),
('20/07/2015', 'In Sport', '8:00', '21:00', '832'),
('21/07/2015', 'In Sport', '8:00', '21:00', '145'),
('22/07/2015', 'In Sport', '8:00', '21:00', '643'),
('23/07/2015', 'In Sport', '8:00', '21:00', '287'),
('24/07/2015', 'In Sport', '8:00', '21:00', '356'),
('25/07/2015', 'In Sport', '8:00', '21:00', '436'),
('26/07/2015', 'In Sport', '8:00', '21:00', '642'),
('27/07/2015', 'In Sport', '8:00', '21:00', '482'),
('28/07/2015', 'In Sport', '8:00', '21:00', '147'),
('29/07/2015', 'In Sport', '8:00', '21:00', '165'),
('30/07/2015', 'In Sport', '8:00', '21:00', '376'),
('31/07/2015', 'In Sport', '8:00', '21:00', '265'),
('01/08/2015', 'In Sport', '8:00', '21:00', '353'),
('02/08/2015', 'In Sport', '8:00', '21:00', '743'),
('03/08/2015', 'In Sport', '8:00', '21:00', '354'),
('04/08/2015', 'In Sport', '8:00', '21:00', '486'),
('05/08/2015', 'In Sport', '8:00', '21:00', '342'),
('06/08/2015', 'In Sport', '8:00', '21:00', '853'),
('07/08/2015', 'In Sport', '8:00', '21:00', '465'),
('08/08/2015', 'In Sport', '8:00', '21:00', '632'),
('09/08/2015', 'In Sport', '8:00', '21:00', '835'),
('10/08/2015', 'In Sport', '8:00', '21:00', '648'),
('11/08/2015', 'In Sport', '8:00', '21:00', '612'),
('12/08/2015', 'In Sport', '8:00', '21:00', '542'),
('13/08/2015', 'In Sport', '8:00', '21:00', '368'),
('14/08/2015', 'In Sport', '8:00', '21:00', '980'),
('15/08/2015', 'In Sport', '8:00', '21:00', '1250'),
('16/08/2015', 'In Sport', '8:00', '21:00', '865'),
('17/08/2015', 'In Sport', '8:00', '21:00', '746'),
('18/08/2015', 'In Sport', '8:00', '21:00', '896'),
('19/08/2015', 'In Sport', '8:00', '21:00', '680'),
('20/08/2015', 'In Sport', '8:00', '21:00', '964'),
('21/08/2015', 'In Sport', '8:00', '21:00', '578'),
('22/08/2015', 'In Sport', '8:00', '21:00', '696'),
('23/08/2015', 'In Sport', '8:00', '21:00', '356'),
('24/08/2015', 'In Sport', '8:00', '21:00', '567'),
('25/08/2015', 'In Sport', '8:00', '21:00', '543'),
('26/08/2015', 'In Sport', '8:00', '21:00', '678'),
('27/08/2015', 'In Sport', '8:00', '21:00', '365'),
('28/08/2015', 'In Sport', '8:00', '21:00', '532'),
('29/08/2015', 'In Sport', '8:00', '21:00', '386'),
('30/08/2015', 'In Sport', '8:00', '21:00', '731'),
('31/08/2015', 'In Sport', '8:00', '21:00', '355'),

('01/07/2015', 'Monte Bianco', '8:30', '20:30', '125'),
('02/07/2015', 'Monte Bianco', '8:30', '20:30', '465'),
('03/07/2015', 'Monte Bianco', '8:30', '20:30', '378'),
('04/07/2015', 'Monte Bianco', '8:30', '20:30', '267'),
('05/07/2015', 'Monte Bianco', '8:30', '20:30', '846'),
('06/07/2015', 'Monte Bianco', '8:30', '20:30', '465'),
('07/07/2015', 'Monte Bianco', '8:30', '20:30', '135'),
('08/07/2015', 'Monte Bianco', '8:30', '20:30', '647'),
('09/07/2015', 'Monte Bianco', '8:30', '20:30', '378'),
('10/07/2015', 'Monte Bianco', '8:30', '20:30', '472'),
('11/07/2015', 'Monte Bianco', '8:30', '20:30', '258'),
('12/07/2015', 'Monte Bianco', '8:30', '20:30', '743'),
('13/07/2015', 'Monte Bianco', '8:30', '20:30', '379'),
('14/07/2015', 'Monte Bianco', '8:30', '20:30', '268'),
('15/07/2015', 'Monte Bianco', '8:30', '20:30', '521'),
('16/07/2015', 'Monte Bianco', '8:30', '20:30', '746'),
('17/07/2015', 'Monte Bianco', '8:30', '20:30', '264'),
('18/07/2015', 'Monte Bianco', '8:30', '20:30', '356'),
('19/07/2015', 'Monte Bianco', '8:30', '20:30', '276'),
('20/07/2015', 'Monte Bianco', '8:30', '20:30', '832'),
('21/07/2015', 'Monte Bianco', '8:30', '20:30', '145'),
('22/07/2015', 'Monte Bianco', '8:30', '20:30', '643'),
('23/07/2015', 'Monte Bianco', '8:30', '20:30', '287'),
('24/07/2015', 'Monte Bianco', '8:30', '20:30', '356'),
('25/07/2015', 'Monte Bianco', '8:30', '20:30', '436'),
('26/07/2015', 'Monte Bianco', '8:30', '20:30', '642'),
('27/07/2015', 'Monte Bianco', '8:30', '20:30', '482'),
('28/07/2015', 'Monte Bianco', '8:30', '20:30', '147'),
('29/07/2015', 'Monte Bianco', '8:30', '20:30', '165'),
('30/07/2015', 'Monte Bianco', '8:30', '20:30', '376'),
('31/07/2015', 'Monte Bianco', '8:30', '20:30', '265'),
('01/08/2015', 'Monte Bianco', '8:30', '20:30', '353'),
('02/08/2015', 'Monte Bianco', '8:30', '20:30', '743'),
('03/08/2015', 'Monte Bianco', '8:30', '20:30', '354'),
('04/08/2015', 'Monte Bianco', '8:30', '20:30', '486'),
('05/08/2015', 'Monte Bianco', '8:30', '20:30', '342'),
('06/08/2015', 'Monte Bianco', '8:30', '20:30', '853'),
('07/08/2015', 'Monte Bianco', '8:30', '20:30', '465'),
('08/08/2015', 'Monte Bianco', '8:30', '20:30', '632'),
('09/08/2015', 'Monte Bianco', '8:30', '20:30', '835'),
('10/08/2015', 'Monte Bianco', '8:30', '20:30', '648'),
('11/08/2015', 'Monte Bianco', '8:30', '20:30', '612'),
('12/08/2015', 'Monte Bianco', '8:30', '20:30', '542'),
('13/08/2015', 'Monte Bianco', '8:30', '20:30', '368'),
('14/08/2015', 'Monte Bianco', '8:30', '20:30', '980'),
('15/08/2015', 'Monte Bianco', '8:30', '20:30', '1250'),
('16/08/2015', 'Monte Bianco', '8:30', '20:30', '865'),
('17/08/2015', 'Monte Bianco', '8:30', '20:30', '746'),
('18/08/2015', 'Monte Bianco', '8:30', '20:30', '896'),
('19/08/2015', 'Monte Bianco', '8:30', '20:30', '680'),
('20/08/2015', 'Monte Bianco', '8:30', '20:30', '964'),
('21/08/2015', 'Monte Bianco', '8:30', '20:30', '578'),
('22/08/2015', 'Monte Bianco', '8:30', '20:30', '696'),
('23/08/2015', 'Monte Bianco', '8:30', '20:30', '356'),
('24/08/2015', 'Monte Bianco', '8:30', '20:30', '567'),
('25/08/2015', 'Monte Bianco', '8:30', '20:30', '543'),
('26/08/2015', 'Monte Bianco', '8:30', '20:30', '678'),
('27/08/2015', 'Monte Bianco', '8:30', '20:30', '365'),
('28/08/2015', 'Monte Bianco', '8:30', '20:30', '532'),
('29/08/2015', 'Monte Bianco', '8:30', '20:30', '386'),
('30/08/2015', 'Monte Bianco', '8:30', '20:30', '731'),
('31/08/2015', 'Monte Bianco', '8:30', '20:30', '355'),

('01/07/2015', 'Santini', '10:00', '18:00', '125'),
('02/07/2015', 'Santini', '10:00', '18:00', '465'),
('03/07/2015', 'Santini', '10:00', '18:00', '378'),
('04/07/2015', 'Santini', '10:00', '18:00', '267'),
('05/07/2015', 'Santini', '10:00', '18:00', '846'),
('06/07/2015', 'Santini', '10:00', '18:00', '465'),
('07/07/2015', 'Santini', '10:00', '18:00', '135'),
('08/07/2015', 'Santini', '10:00', '18:00', '647'),
('09/07/2015', 'Santini', '10:00', '18:00', '378'),
('10/07/2015', 'Santini', '10:00', '18:00', '472'),
('11/07/2015', 'Santini', '10:00', '18:00', '258'),
('12/07/2015', 'Santini', '10:00', '18:00', '743'),
('13/07/2015', 'Santini', '10:00', '18:00', '379'),
('14/07/2015', 'Santini', '10:00', '18:00', '268'),
('15/07/2015', 'Santini', '10:00', '18:00', '521'),
('16/07/2015', 'Santini', '10:00', '18:00', '746'),
('17/07/2015', 'Santini', '10:00', '18:00', '264'),
('18/07/2015', 'Santini', '10:00', '18:00', '356'),
('19/07/2015', 'Santini', '10:00', '18:00', '276'),
('20/07/2015', 'Santini', '10:00', '18:00', '832'),
('21/07/2015', 'Santini', '10:00', '18:00', '145'),
('22/07/2015', 'Santini', '10:00', '18:00', '643'),
('23/07/2015', 'Santini', '10:00', '18:00', '287'),
('24/07/2015', 'Santini', '10:00', '18:00', '356'),
('25/07/2015', 'Santini', '10:00', '18:00', '436'),
('26/07/2015', 'Santini', '10:00', '18:00', '642'),
('27/07/2015', 'Santini', '10:00', '18:00', '482'),
('28/07/2015', 'Santini', '10:00', '18:00', '147'),
('29/07/2015', 'Santini', '10:00', '18:00', '165'),
('30/07/2015', 'Santini', '10:00', '18:00', '376'),
('31/07/2015', 'Santini', '10:00', '18:00', '265'),
('01/08/2015', 'Santini', '10:00', '18:00', '353'),
('02/08/2015', 'Santini', '10:00', '18:00', '743'),
('03/08/2015', 'Santini', '10:00', '18:00', '354'),
('04/08/2015', 'Santini', '10:00', '18:00', '486'),
('05/08/2015', 'Santini', '10:00', '18:00', '342'),
('06/08/2015', 'Santini', '10:00', '18:00', '853'),
('07/08/2015', 'Santini', '10:00', '18:00', '465'),
('08/08/2015', 'Santini', '10:00', '18:00', '632'),
('09/08/2015', 'Santini', '10:00', '18:00', '835'),
('10/08/2015', 'Santini', '10:00', '18:00', '648'),
('11/08/2015', 'Santini', '10:00', '18:00', '612'),
('12/08/2015', 'Santini', '10:00', '18:00', '542'),
('13/08/2015', 'Santini', '10:00', '18:00', '368'),
('14/08/2015', 'Santini', '10:00', '18:00', '980'),
('15/08/2015', 'Santini', '10:00', '18:00', '1250'),
('16/08/2015', 'Santini', '10:00', '18:00', '865'),
('17/08/2015', 'Santini', '10:00', '18:00', '746'),
('18/08/2015', 'Santini', '10:00', '18:00', '896'),
('19/08/2015', 'Santini', '10:00', '18:00', '680'),
('20/08/2015', 'Santini', '10:00', '18:00', '964'),
('21/08/2015', 'Santini', '10:00', '18:00', '578'),
('22/08/2015', 'Santini', '10:00', '18:00', '696'),
('23/08/2015', 'Santini', '10:00', '18:00', '356'),
('24/08/2015', 'Santini', '10:00', '18:00', '567'),
('25/08/2015', 'Santini', '10:00', '18:00', '543'),
('26/08/2015', 'Santini', '10:00', '18:00', '678'),
('27/08/2015', 'Santini', '10:00', '18:00', '365'),
('28/08/2015', 'Santini', '10:00', '18:00', '532'),
('29/08/2015', 'Santini', '10:00', '18:00', '386'),
('30/08/2015', 'Santini', '10:00', '18:00', '731'),
('31/08/2015', 'Santini', '10:00', '18:00', '355'),

('01/07/2015', 'Belvedere', '9:00', '21:00', '125'),
('02/07/2015', 'Belvedere', '9:00', '21:00', '465'),
('03/07/2015', 'Belvedere', '9:00', '21:00', '378'),
('04/07/2015', 'Belvedere', '9:00', '21:00', '267'),
('05/07/2015', 'Belvedere', '9:00', '21:00', '846'),
('06/07/2015', 'Belvedere', '9:00', '21:00', '465'),
('07/07/2015', 'Belvedere', '9:00', '21:00', '135'),
('08/07/2015', 'Belvedere', '9:00', '21:00', '647'),
('09/07/2015', 'Belvedere', '9:00', '21:00', '378'),
('10/07/2015', 'Belvedere', '9:00', '21:00', '472'),
('11/07/2015', 'Belvedere', '9:00', '21:00', '258'),
('12/07/2015', 'Belvedere', '9:00', '21:00', '743'),
('13/07/2015', 'Belvedere', '9:00', '21:00', '379'),
('14/07/2015', 'Belvedere', '9:00', '21:00', '268'),
('15/07/2015', 'Belvedere', '9:00', '21:00', '521'),
('16/07/2015', 'Belvedere', '9:00', '21:00', '746'),
('17/07/2015', 'Belvedere', '9:00', '21:00', '264'),
('18/07/2015', 'Belvedere', '9:00', '21:00', '356'),
('19/07/2015', 'Belvedere', '9:00', '21:00', '276'),
('20/07/2015', 'Belvedere', '9:00', '21:00', '832'),
('21/07/2015', 'Belvedere', '9:00', '21:00', '145'),
('22/07/2015', 'Belvedere', '9:00', '21:00', '643'),
('23/07/2015', 'Belvedere', '9:00', '21:00', '287'),
('24/07/2015', 'Belvedere', '9:00', '21:00', '356'),
('25/07/2015', 'Belvedere', '9:00', '21:00', '436'),
('26/07/2015', 'Belvedere', '9:00', '21:00', '642'),
('27/07/2015', 'Belvedere', '9:00', '21:00', '482'),
('28/07/2015', 'Belvedere', '9:00', '21:00', '147'),
('29/07/2015', 'Belvedere', '9:00', '21:00', '165'),
('30/07/2015', 'Belvedere', '9:00', '21:00', '376'),
('31/07/2015', 'Belvedere', '9:00', '21:00', '265'),
('01/08/2015', 'Belvedere', '9:00', '21:00', '353'),
('02/08/2015', 'Belvedere', '9:00', '21:00', '743'),
('03/08/2015', 'Belvedere', '9:00', '21:00', '354'),
('04/08/2015', 'Belvedere', '9:00', '21:00', '486'),
('05/08/2015', 'Belvedere', '9:00', '21:00', '342'),
('06/08/2015', 'Belvedere', '9:00', '21:00', '853'),
('07/08/2015', 'Belvedere', '9:00', '21:00', '465'),
('08/08/2015', 'Belvedere', '9:00', '21:00', '632'),
('09/08/2015', 'Belvedere', '9:00', '21:00', '835'),
('10/08/2015', 'Belvedere', '9:00', '21:00', '648'),
('11/08/2015', 'Belvedere', '9:00', '21:00', '612'),
('12/08/2015', 'Belvedere', '9:00', '21:00', '542'),
('13/08/2015', 'Belvedere', '9:00', '21:00', '368'),
('14/08/2015', 'Belvedere', '9:00', '21:00', '980'),
('15/08/2015', 'Belvedere', '9:00', '21:00', '1250'),
('16/08/2015', 'Belvedere', '9:00', '21:00', '865'),
('17/08/2015', 'Belvedere', '9:00', '21:00', '746'),
('18/08/2015', 'Belvedere', '9:00', '21:00', '896'),
('19/08/2015', 'Belvedere', '9:00', '21:00', '680'),
('20/08/2015', 'Belvedere', '9:00', '21:00', '964'),
('21/08/2015', 'Belvedere', '9:00', '21:00', '578'),
('22/08/2015', 'Belvedere', '9:00', '21:00', '696'),
('23/08/2015', 'Belvedere', '9:00', '21:00', '356'),
('24/08/2015', 'Belvedere', '9:00', '21:00', '567'),
('25/08/2015', 'Belvedere', '9:00', '21:00', '543'),
('26/08/2015', 'Belvedere', '9:00', '21:00', '678'),
('27/08/2015', 'Belvedere', '9:00', '21:00', '365'),
('28/08/2015', 'Belvedere', '9:00', '21:00', '532'),
('29/08/2015', 'Belvedere', '9:00', '21:00', '386'),
('30/08/2015', 'Belvedere', '9:00', '21:00', '731'),
('31/08/2015', 'Belvedere', '9:00', '21:00', '355'),

('01/07/2015', 'Leosport', '9:00', '21:00', '125'),
('02/07/2015', 'Leosport', '9:00', '21:00', '465'),
('03/07/2015', 'Leosport', '9:00', '21:00', '378'),
('04/07/2015', 'Leosport', '9:00', '21:00', '267'),
('05/07/2015', 'Leosport', '9:00', '21:00', '846'),
('06/07/2015', 'Leosport', '9:00', '21:00', '465'),
('07/07/2015', 'Leosport', '9:00', '21:00', '135'),
('08/07/2015', 'Leosport', '9:00', '21:00', '647'),
('09/07/2015', 'Leosport', '9:00', '21:00', '378'),
('10/07/2015', 'Leosport', '9:00', '21:00', '472'),
('11/07/2015', 'Leosport', '9:00', '21:00', '258'),
('12/07/2015', 'Leosport', '9:00', '21:00', '743'),
('13/07/2015', 'Leosport', '9:00', '21:00', '379'),
('14/07/2015', 'Leosport', '9:00', '21:00', '268'),
('15/07/2015', 'Leosport', '9:00', '21:00', '521'),
('16/07/2015', 'Leosport', '9:00', '21:00', '746'),
('17/07/2015', 'Leosport', '9:00', '21:00', '264'),
('18/07/2015', 'Leosport', '9:00', '21:00', '356'),
('19/07/2015', 'Leosport', '9:00', '21:00', '276'),
('20/07/2015', 'Leosport', '9:00', '21:00', '832'),
('21/07/2015', 'Leosport', '9:00', '21:00', '145'),
('22/07/2015', 'Leosport', '9:00', '21:00', '643'),
('23/07/2015', 'Leosport', '9:00', '21:00', '287'),
('24/07/2015', 'Leosport', '9:00', '21:00', '356'),
('25/07/2015', 'Leosport', '9:00', '21:00', '436'),
('26/07/2015', 'Leosport', '9:00', '21:00', '642'),
('27/07/2015', 'Leosport', '9:00', '21:00', '482'),
('28/07/2015', 'Leosport', '9:00', '21:00', '147'),
('29/07/2015', 'Leosport', '9:00', '21:00', '165'),
('30/07/2015', 'Leosport', '9:00', '21:00', '376'),
('31/07/2015', 'Leosport', '9:00', '21:00', '265'),
('01/08/2015', 'Leosport', '9:00', '21:00', '353'),
('02/08/2015', 'Leosport', '9:00', '21:00', '743'),
('03/08/2015', 'Leosport', '9:00', '21:00', '354'),
('04/08/2015', 'Leosport', '9:00', '21:00', '486'),
('05/08/2015', 'Leosport', '9:00', '21:00', '342'),
('06/08/2015', 'Leosport', '9:00', '21:00', '853'),
('07/08/2015', 'Leosport', '9:00', '21:00', '465'),
('08/08/2015', 'Leosport', '9:00', '21:00', '632'),
('09/08/2015', 'Leosport', '9:00', '21:00', '835'),
('10/08/2015', 'Leosport', '9:00', '21:00', '648'),
('11/08/2015', 'Leosport', '9:00', '21:00', '612'),
('12/08/2015', 'Leosport', '9:00', '21:00', '542'),
('13/08/2015', 'Leosport', '9:00', '21:00', '368'),
('14/08/2015', 'Leosport', '9:00', '21:00', '980'),
('15/08/2015', 'Leosport', '9:00', '21:00', '1250'),
('16/08/2015', 'Leosport', '9:00', '21:00', '865'),
('17/08/2015', 'Leosport', '9:00', '21:00', '746'),
('18/08/2015', 'Leosport', '9:00', '21:00', '896'),
('19/08/2015', 'Leosport', '9:00', '21:00', '680'),
('20/08/2015', 'Leosport', '9:00', '21:00', '964'),
('21/08/2015', 'Leosport', '9:00', '21:00', '578'),
('22/08/2015', 'Leosport', '9:00', '21:00', '696'),
('23/08/2015', 'Leosport', '9:00', '21:00', '356'),
('24/08/2015', 'Leosport', '9:00', '21:00', '567'),
('25/08/2015', 'Leosport', '9:00', '21:00', '543'),
('26/08/2015', 'Leosport', '9:00', '21:00', '678'),
('27/08/2015', 'Leosport', '9:00', '21:00', '365'),
('28/08/2015', 'Leosport', '9:00', '21:00', '532'),
('29/08/2015', 'Leosport', '9:00', '21:00', '386'),
('30/08/2015', 'Leosport', '9:00', '21:00', '731'),
('31/08/2015', 'Leosport', '9:00', '21:00', '355'),

('01/07/2015', 'Gio Club', '9:00', '21:00', '125'),
('02/07/2015', 'Gio Club', '9:00', '21:00', '465'),
('03/07/2015', 'Gio Club', '9:00', '21:00', '378'),
('04/07/2015', 'Gio Club', '9:00', '21:00', '267'),
('05/07/2015', 'Gio Club', '9:00', '21:00', '846'),
('06/07/2015', 'Gio Club', '9:00', '21:00', '465'),
('07/07/2015', 'Gio Club', '9:00', '21:00', '135'),
('08/07/2015', 'Gio Club', '9:00', '21:00', '647'),
('09/07/2015', 'Gio Club', '9:00', '21:00', '378'),
('10/07/2015', 'Gio Club', '9:00', '21:00', '472'),
('11/07/2015', 'Gio Club', '9:00', '21:00', '258'),
('12/07/2015', 'Gio Club', '9:00', '21:00', '743'),
('13/07/2015', 'Gio Club', '9:00', '21:00', '379'),
('14/07/2015', 'Gio Club', '9:00', '21:00', '268'),
('15/07/2015', 'Gio Club', '9:00', '21:00', '521'),
('16/07/2015', 'Gio Club', '9:00', '21:00', '746'),
('17/07/2015', 'Gio Club', '9:00', '21:00', '264'),
('18/07/2015', 'Gio Club', '9:00', '21:00', '356'),
('19/07/2015', 'Gio Club', '9:00', '21:00', '276'),
('20/07/2015', 'Gio Club', '9:00', '21:00', '832'),
('21/07/2015', 'Gio Club', '9:00', '21:00', '145'),
('22/07/2015', 'Gio Club', '9:00', '21:00', '643'),
('23/07/2015', 'Gio Club', '9:00', '21:00', '287'),
('24/07/2015', 'Gio Club', '9:00', '21:00', '356'),
('25/07/2015', 'Gio Club', '9:00', '21:00', '436'),
('26/07/2015', 'Gio Club', '9:00', '21:00', '642'),
('27/07/2015', 'Gio Club', '9:00', '21:00', '482'),
('28/07/2015', 'Gio Club', '9:00', '21:00', '147'),
('29/07/2015', 'Gio Club', '9:00', '21:00', '165'),
('30/07/2015', 'Gio Club', '9:00', '21:00', '376'),
('31/07/2015', 'Gio Club', '9:00', '21:00', '265'),
('01/08/2015', 'Gio Club', '9:00', '21:00', '353'),
('02/08/2015', 'Gio Club', '9:00', '21:00', '743'),
('03/08/2015', 'Gio Club', '9:00', '21:00', '354'),
('04/08/2015', 'Gio Club', '9:00', '21:00', '486'),
('05/08/2015', 'Gio Club', '9:00', '21:00', '342'),
('06/08/2015', 'Gio Club', '9:00', '21:00', '853'),
('07/08/2015', 'Gio Club', '9:00', '21:00', '465'),
('08/08/2015', 'Gio Club', '9:00', '21:00', '632'),
('09/08/2015', 'Gio Club', '9:00', '21:00', '835'),
('10/08/2015', 'Gio Club', '9:00', '21:00', '648'),
('11/08/2015', 'Gio Club', '9:00', '21:00', '612'),
('12/08/2015', 'Gio Club', '9:00', '21:00', '542'),
('13/08/2015', 'Gio Club', '9:00', '21:00', '368'),
('14/08/2015', 'Gio Club', '9:00', '21:00', '980'),
('15/08/2015', 'Gio Club', '9:00', '21:00', '1250'),
('16/08/2015', 'Gio Club', '9:00', '21:00', '865'),
('17/08/2015', 'Gio Club', '9:00', '21:00', '746'),
('18/08/2015', 'Gio Club', '9:00', '21:00', '896'),
('19/08/2015', 'Gio Club', '9:00', '21:00', '680'),
('20/08/2015', 'Gio Club', '9:00', '21:00', '964'),
('21/08/2015', 'Gio Club', '9:00', '21:00', '578'),
('22/08/2015', 'Gio Club', '9:00', '21:00', '696'),
('23/08/2015', 'Gio Club', '9:00', '21:00', '356'),
('24/08/2015', 'Gio Club', '9:00', '21:00', '567'),
('25/08/2015', 'Gio Club', '9:00', '21:00', '543'),
('26/08/2015', 'Gio Club', '9:00', '21:00', '678'),
('27/08/2015', 'Gio Club', '9:00', '21:00', '365'),
('28/08/2015', 'Gio Club', '9:00', '21:00', '532'),
('29/08/2015', 'Gio Club', '9:00', '21:00', '386'),
('30/08/2015', 'Gio Club', '9:00', '21:00', '731'),
('31/08/2015', 'Gio Club', '9:00', '21:00', '355');

/* inserisco dati delle persone */

INSERT INTO Persona (Nome, Cognome, DataNascita, PW, LavoraDa, NomeImpianto)
VALUES ('Valentino', 'Calabrese', '5/4/1950', 'ciaociao', '1/3/2010', 'Free Time');

INSERT INTO Persona (Nome, Cognome, DataNascita, PW, LavoraDa, NomeImpianto)
VALUES ('Anna', 'Trevisano', '12/6/1980', 'password', '10/5/2012', 'Le Grazie');

INSERT INTO Persona (Nome, Cognome, DataNascita, PW, LavoraDa, LavoraA, NomeImpianto)
VALUES ('Luigi', 'Mancini', '24/2/1978', '123456', '1/6/2014', '30/9/2014', 'Terme di Giunone');

INSERT INTO Persona (Nome, Cognome, DataNascita, PW, LavoraDa, NomeImpianto)
VALUES ('Antonella', 'Ricci', '10/12/1965', 'verona', '15/10/2008', 'In Sport');

INSERT INTO Persona (Nome, Cognome, DataNascita, PW, LavoraDa, NomeImpianto)
VALUES ('Luca', 'Russo', '18/10/1992', 'qwerty', '1/1/2005', 'Sporting Club');

INSERT INTO Persona (Nome, Cognome, DataNascita, PW, LavoraDa, NomeImpianto)
VALUES ('Lorenzo', 'Pisani', '9/1/1988', 'asdfg', '1/6/2013', 'Monte Bianco');

INSERT INTO Persona (Nome, Cognome, DataNascita, PW, LavoraDa, LavoraA, NomeImpianto)
VALUES ('Mariano', 'Costa', '5/11/1961', '54321', '5/2/2012', '20/10/2014', 'Gio Club');

INSERT INTO Persona (Nome, Cognome, DataNascita, PW, LavoraDa, NomeImpianto)
VALUES ('Davide', 'Milani', '4/10/1974', 'pippo', '25/5/2011', 'Leosport');

INSERT INTO Persona (Nome, Cognome, DataNascita, PW, LavoraDa, NomeImpianto)
VALUES ('Vincenzo', 'Napolitano', '10/5/1956', 'pluto', '1/1/2015', 'Belvedere');

INSERT INTO Persona (Nome, Cognome, DataNascita, PW, LavoraDa, LavoraA, NomeImpianto)
VALUES ('Pietro', 'Mazzi', '6/12/1990', 'apple', '20/6/2009', '10/9/2013', 'Santini');

INSERT INTO Persona (Nome, Cognome, DataNascita, PW, LavoraDa, NomeImpianto)
VALUES ('Franca', 'Sagese', '30/1/1991', 'gina24', '5/8/2013', 'Free Time');

INSERT INTO Persona (Nome, Cognome, DataNascita, PW, LavoraDa, NomeImpianto)
VALUES ('Maria', 'Milano', '21/11/1993', 'maryvm', '12/6/2008', 'Le Grazie');

INSERT INTO Persona (Nome, Cognome, DataNascita, PW, LavoraDa, NomeImpianto)
VALUES ('Isa', 'Lombardi', '19/1/1965', 'isa136', '6/7/2012', 'Terme di Giunone');

INSERT INTO Persona (Nome, Cognome, DataNascita, PW, LavoraDa, NomeImpianto)
VALUES ('Monica', 'Derosi', '11/7/1989', 'monella', '2/9/2014', 'In Sport');

INSERT INTO Persona (Nome, Cognome, DataNascita, PW, LavoraDa, NomeImpianto)
VALUES ('Fabio', 'Toscani', '18/8/1991', 'leo124', '15/4/2010', 'Sporting Club');

INSERT INTO Persona (Nome, Cognome, DataNascita, PW, LavoraDa, NomeImpianto)
VALUES ('Amaranto', 'Baresi', '16/11/1971', 'rosso', '22/1/2015', 'Monte Bianco');

INSERT INTO Persona (Nome, Cognome, DataNascita, PW, LavoraDa, NomeImpianto)
VALUES ('Oreste', 'Palermo', '15/2/1965', 'bruno', '2/3/2011', 'Gio Club');

INSERT INTO Persona (Nome, Cognome, DataNascita, PW, LavoraDa, NomeImpianto)
VALUES ('Pia', 'Fiorentino', '30/7/1984', '126170', '9/12/2012', 'Leosport');

INSERT INTO Persona (Nome, Cognome, DataNascita, PW, LavoraDa, NomeImpianto)
VALUES ('Lorenzo', 'Pugliesi', '2/2/1973', 'ciccio', '12/5/2013', 'Belvedere');

INSERT INTO Persona (Nome, Cognome, DataNascita, PW, LavoraDa, NomeImpianto)
VALUES ('Rita', 'Schiavone', '14/10/1962', 'worm52', '28/6/2010', 'Santini');

INSERT INTO Persona (Nome, Cognome, DataNascita, PW, LavoraDa, NomeImpianto)
VALUES ('Ubaldo', 'Endrizzi', '10/9/1972', 'troll', '15/7/2012', 'Terme di Giunone');

INSERT INTO Persona (Nome, Cognome, DataNascita, PW, LavoraDa, NomeImpianto)
VALUES ('Federica', 'Ricci', '25/5/1992', 'acre92', '10/6/2013', 'Gio Club');

INSERT INTO Persona (Nome, Cognome, DataNascita, PW, LavoraDa, NomeImpianto)
VALUES ('Adolfo', 'Buzzo', '2/10/1968', 'buz03', '15/8/2012', 'Santini');

INSERT INTO Persona (Nome, Cognome, DataNascita, PW, LavoraDa, NomeImpianto)
VALUES ('Stefano', 'Sterchele', '29/6/1979', 'sterchy', '5/4/2011', 'Free Time');

INSERT INTO Persona (Nome, Cognome, DataNascita, PW, LavoraDa, NomeImpianto)
VALUES ('Alice', 'Malizia', '16/12/1982', 'maliz82', '1/10/2008', 'Le Grazie');

INSERT INTO Persona (Nome, Cognome, DataNascita, PW, LavoraDa, NomeImpianto)
VALUES ('Elia', 'Fochesato', '1/11/1988', 'elia88', '12/6/2013', 'Terme di Giunone');

INSERT INTO Persona (Nome, Cognome, DataNascita, PW, LavoraDa, NomeImpianto)
VALUES ('Elisa', 'Zoppi', '22/6/1981', '81zoppi', '25/11/2012', 'In Sport');

INSERT INTO Persona (Nome, Cognome, DataNascita, PW, LavoraDa, NomeImpianto)
VALUES ('Federico', 'Masini', '22/2/1980', 'ciano80', '24/4/2011', 'Sporting Club');

INSERT INTO Persona (Nome, Cognome, DataNascita, PW, LavoraDa, NomeImpianto)
VALUES ('Emanuele', 'Pozza', '8/3/1974', 'emapozza', '8/6/2012', 'Monte Bianco');

INSERT INTO Persona (Nome, Cognome, DataNascita, PW, LavoraDa, NomeImpianto)
VALUES ('Francesco', 'Bellaria', '25/10/1986', 'cyborg', '2/5/2011', 'Gio Club');

INSERT INTO Persona (Nome, Cognome, DataNascita, PW, LavoraDa, NomeImpianto)
VALUES ('Giulia', 'Gallina', '14/11/1979', 'giuly79', '14/2/2010', 'Leosport');

INSERT INTO Persona (Nome, Cognome, DataNascita, PW, LavoraDa, NomeImpianto)
VALUES ('Linda', 'Lunardi', '29/1/1980', 'lindalu', '5/3/2014', 'Belvedere');

INSERT INTO Persona (Nome, Cognome, DataNascita, PW, LavoraDa, NomeImpianto)
VALUES ('Lucia', 'Confente', '5/7/1990', 'ifconfig', '22/7/2012', 'Santini');

INSERT INTO Persona (Nome, Cognome, DataNascita, PW, LavoraDa, NomeImpianto)
VALUES ('Matteo', 'Dal Zovo', '24/5/1978', 'dzteo', '15/5/2012', 'Free Time');

INSERT INTO Persona (Nome, Cognome, DataNascita, PW, LavoraDa, NomeImpianto)
VALUES ('Mirco', 'Zamperini', '10/5/1975', 'zmirco75', '3/9/2010', 'Le Grazie');

INSERT INTO Persona (Nome, Cognome, DataNascita, PW, LavoraDa, NomeImpianto)
VALUES ('Nicola', 'Fortunati', '4/11/1984', 'fortunico', '5/8/2010', 'Terme di Giunone');

INSERT INTO Persona (Nome, Cognome, DataNascita, PW, LavoraDa, NomeImpianto)
VALUES ('Renata', 'Pegoraro', '7/4/1968', 'pecora', '18/3/2011', 'In Sport');

INSERT INTO Persona (Nome, Cognome, DataNascita, PW, LavoraDa, NomeImpianto)
VALUES ('Stefania', 'Pozza', '21/3/1986', 'stepoz', '25/11/2006', 'Sporting Club');

INSERT INTO Persona (Nome, Cognome, DataNascita, PW, LavoraDa, NomeImpianto)
VALUES ('Franco', 'Filipozzi', '18/6/1986', 'fipoz', '2/7/2014', 'Monte Bianco');

INSERT INTO Persona (Nome, Cognome, DataNascita, PW, LavoraDa, NomeImpianto)
VALUES ('Lucio', 'Zandona', '2/1/1978', 'zando', '28/6/2013', 'Gio Club');

INSERT INTO Persona (Nome, Cognome, DataNascita, PW, LavoraDa, NomeImpianto)
VALUES ('Marta', 'Dalla Verde', '9/12/1992', 'verde', '3/5/2015', 'Leosport');

INSERT INTO Persona (Nome, Cognome, DataNascita, PW, LavoraDa, NomeImpianto)
VALUES ('Mattia', 'Panarotto', '18/5/1982', 'iraid', '2/9/2012', 'Belvedere');

INSERT INTO Persona (Nome, Cognome, DataNascita, PW, LavoraDa, NomeImpianto)
VALUES ('Cetto', 'La Qualunque', '8/10/1982', 'concetto', '10/8/2014', 'Santini');

/* inserisco dati dei clienti */

INSERT INTO Cliente (Nome, Cognome, TipoDocumento, NumeroDocumento) VALUES

('Francesca', 'Genovesi', 'c', 'GB63836826'),
('Melissa', 'Pisani', 'p', 'VR486295PU'),
('Elia', 'Panicucci', 'p', 'VR219438SN'),
('Michele', 'Marino', 'c', 'EL38957432'),
('Mario', 'Bianchi', 'c', 'AF84265248'),
('Luciano', 'Trevisani', 'p', 'VI638257BR'),
('Luigi', 'Colombo', 'c', 'CT95979642'),
('Giulio', 'Ferrari', 'p', 'VR842652BD'),
('Manuel', 'Ferro', 'p', 'VR328145HC'),
('Emma', 'Costa', 'c', 'BM53853177');

/* inserisco dati dei biglietti */

INSERT INTO Biglietto (Importo, Tipo, CodiceCliente)
VALUES ('5.00', 's', '1');

INSERT INTO Biglietto (Importo, Tipo, DataInizio, DataFine, CodiceCliente)
VALUES ('400.00', 'a', '15/6/2015', '30/9/2015', '2');

INSERT INTO Biglietto (Importo, Tipo, CodiceCliente)
VALUES ('5.00', 's', '3');

INSERT INTO Biglietto (Importo, Tipo, DataInizio, DataFine, CodiceCliente)
VALUES ('400.00', 'a', '15/7/2015', '31/12/2015', '4');

INSERT INTO Biglietto (Importo, Tipo, CodiceCliente)
VALUES ('5.00', 's', '5');

INSERT INTO Biglietto (Importo, Tipo, IngressiTotali, IngressiRimasti, CodiceCliente)
VALUES ('40.00', 'd', '10', '9', '6');

INSERT INTO Biglietto (Importo, Tipo, CodiceCliente)
VALUES ('5.00', 's', '7');

INSERT INTO Biglietto (Importo, Tipo, IngressiTotali, IngressiRimasti, CodiceCliente)
VALUES ('40.00', 'd', '10', '9', '8');

INSERT INTO Biglietto (Importo, Tipo, DataInizio, DataFine, CodiceCliente)
VALUES ('400.00', 'a', '1/6/2015', '30/9/2015', '9');

INSERT INTO Biglietto (Importo, Tipo, IngressiTotali, IngressiRimasti, CodiceCliente)
VALUES ('200.00', 'c', '50', '49', '10');

INSERT INTO Biglietto (Importo, Tipo, CodiceCliente)
VALUES ('5.00', 's', '10');

INSERT INTO Biglietto (Importo, Tipo, CodiceCliente)
VALUES ('5.00', 's', '6');

INSERT INTO Biglietto (Importo, Tipo, CodiceCliente)
VALUES ('5.00', 's', '9');

INSERT INTO Biglietto (Importo, Tipo, CodiceCliente)
VALUES ('5.00', 's', '1');

INSERT INTO Biglietto (Importo, Tipo, CodiceCliente)
VALUES ('5.00', 's', '2');

INSERT INTO Biglietto (Importo, Tipo, CodiceCliente)
VALUES ('5.00', 's', '4');

INSERT INTO Biglietto (Importo, Tipo, CodiceCliente)
VALUES ('5.00', 's', '3');

INSERT INTO Biglietto (Importo, Tipo, CodiceCliente)
VALUES ('5.00', 's', '1');

INSERT INTO Biglietto (Importo, Tipo, CodiceCliente)
VALUES ('5.00', 's', '8');

INSERT INTO Biglietto (Importo, Tipo, CodiceCliente)
VALUES ('5.00', 's', '7');

/* inserisco dati degli iscritti */

INSERT INTO Iscritto (CodiceCliente, NomeImpianto) VALUES

('1', 'Free Time'),
('1', 'Terme di Giunone'),
('1', 'Le Grazie'),
('1', 'Monte Bianco'),
('1', 'Belvedere'),
('2', 'Terme di Giunone'),
('2', 'Sporting Club'),
('2', 'In Sport'),
('2', 'Leosport'),
('3', 'Le Grazie'),
('3', 'Santini'),
('4', 'Sporting Club'),
('4', 'In Sport'),
('4', 'Monte Bianco'),
('4', 'Free Time'),
('5', 'In Sport'),
('5', 'Sporting Club'),
('5', 'Le Grazie'),
('6', 'Monte Bianco'),
('6', 'Terme di Giunone'),
('7', 'Santini'),
('7', 'Belvedere'),
('7', 'Gio Club'),
('8', 'Belvedere'),
('8', 'Terme di Giunone'),
('8', 'Leosport'),
('8', 'Free Time'),
('9', 'Leosport'),
('9', 'Le Grazie'),
('10', 'Gio Club'),
('10', 'Free Time');

/* inserisco dati degli ingressi */

INSERT INTO Ingresso (CodiceBiglietto, NomeImpianto, DataEntrata, OraEntrata, OraUscita) VALUES

('1', 'Free Time', '15/6/2015', '18:00', '20:00'),
('2', 'Terme di Giunone', '15/6/2015', '15:00', '18:00'),
('3', 'Le Grazie', '15/6/2015', '10:00', '12:00'),
('4', 'Sporting Club', '15/6/2015', '9:00', '12:00'),
('5', 'In Sport', '15/6/2015', '16:00', '20:00'),
('6', 'Monte Bianco', '15/6/2015', '12:00', '16:00'),
('7', 'Santini', '15/6/2015', '12:00', '15:00'),
('8', 'Belvedere', '15/6/2015', '10:00', '14:00'),
('9', 'Leosport', '15/6/2015', '12:00', '18:00'),
('10', 'Gio Club', '15/6/2015', '10:00', '16:00'),
('11', 'Free Time', '20/6/2015', '16:00', '18:00'),
('12', 'Terme di Giunone', '25/6/2015', '10:00', '18:00'),
('13', 'Le Grazie', '5/7/2015', '14:00', '17:00'),
('14', 'Sporting Club', '15/7/2015', '9:00', '11:00'),
('15', 'In Sport', '18/7/2015', '16:00', '20:00'),
('16', 'Monte Bianco', '20/7/2015', '12:00', '16:00'),
('17', 'Santini', '25/7/2015', '13:00', '16:00'),
('18', 'Belvedere', '2/8/2015', '15:00', '18:00'),
('19', 'Leosport', '10/8/2015', '11:00', '17:00'),
('20', 'Gio Club', '15/8/2015', '12:00', '16:00');
